session_id,user_id,provider_id,timestamp_start,kwh_consumed,final_cost,station_id
sess_20415,user_1026,provider_C,09:39.5,2.26,49.72,provider_C_station_2
sess_20609,user_1021,provider_C,45:39.5,3.51,77.22,provider_C_station_1
sess_77125,user_1050,provider_A,28:39.5,2.3,46,provider_A_station_4
sess_37671,user_1048,provider_C,04:39.5,2.83,62.26,provider_C_station_1
sess_39447,user_1042,provider_B,36:39.5,2.61,48.28,provider_B_station_4
sess_22597,user_1019,provider_A,07:39.5,3.08,61.6,provider_A_station_1
sess_84725,user_1004,provider_A,19:39.5,3.26,65.2,provider_A_station_4
sess_55253,user_1020,provider_B,15:39.5,2.72,50.32,provider_B_station_5
sess_12066,user_1043,provider_B,24:39.5,17.9,331.15,provider_B_station_2
sess_98360,user_1041,provider_B,46:39.5,2.48,45.88,provider_B_station_5
sess_17002,user_1001,provider_C,54:39.5,26.46,582.12,provider_C_station_5
sess_51052,user_1036,provider_C,31:39.5,32.99,725.78,provider_C_station_1
sess_31632,user_1015,provider_B,51:39.5,2.25,41.62,provider_B_station_1
sess_59620,user_1045,provider_A,23:39.5,2.25,45,provider_A_station_4
sess_32001,user_1027,provider_C,13:39.5,2.83,62.26,provider_C_station_3
sess_81689,user_1034,provider_A,03:39.5,2.22,44.4,provider_A_station_1
sess_39371,user_1026,provider_A,49:39.5,2.84,56.8,provider_A_station_1
sess_99939,user_1021,provider_B,52:39.5,4.3,79.55,provider_B_station_3
sess_53659,user_1011,provider_A,58:39.5,39.3,786,provider_A_station_5
sess_98004,user_1001,provider_C,45:39.5,14.62,321.64,provider_C_station_4
sess_54062,user_1036,provider_B,03:39.5,5.26,97.31,provider_B_station_4
sess_87978,user_1046,provider_B,07:39.5,14.62,270.47,provider_B_station_4
sess_69283,user_1028,provider_A,38:39.5,26.55,531,provider_A_station_2
sess_82942,user_1012,provider_C,50:39.5,30.58,672.76,provider_C_station_5
sess_88458,user_1006,provider_A,07:39.5,38.67,773.4,provider_A_station_3
sess_66981,user_1025,provider_B,23:39.5,3.13,57.9,provider_B_station_4
sess_12209,user_1030,provider_B,17:39.5,21.05,389.42,provider_B_station_2
sess_80448,user_1044,provider_A,31:39.5,16.82,336.4,provider_A_station_4
sess_65998,user_1001,provider_C,39:39.5,9.66,212.52,provider_C_station_2
sess_79079,user_1009,provider_C,33:39.5,2.53,55.66,provider_C_station_5
sess_28618,user_1011,provider_B,46:39.5,22.65,419.02,provider_B_station_2
sess_72232,user_1006,provider_B,49:39.5,12.13,224.4,provider_B_station_4
sess_82740,user_1044,provider_B,20:39.5,24.17,447.15,provider_B_station_2
sess_97274,user_1028,provider_A,22:39.5,15.41,308.2,provider_A_station_2
sess_84138,user_1050,provider_B,09:39.5,2.94,54.39,provider_B_station_1
sess_93110,user_1033,provider_B,30:39.5,2.87,53.1,provider_B_station_3
sess_83274,user_1006,provider_C,30:39.5,19.71,433.62,provider_C_station_4
sess_67523,user_1026,provider_A,47:39.5,2.36,47.2,provider_A_station_2
sess_93885,user_1041,provider_A,53:39.5,2.91,58.2,provider_A_station_3
sess_23239,user_1031,provider_C,54:39.5,30.05,661.1,provider_C_station_2
sess_63456,user_1035,provider_B,23:39.5,27.71,512.64,provider_B_station_2
sess_31454,user_1006,provider_B,15:39.5,37.45,692.82,provider_B_station_3
sess_88963,user_1039,provider_B,42:39.5,3.39,62.72,provider_B_station_2
sess_17338,user_1047,provider_C,54:39.5,2.64,58.08,provider_C_station_1
sess_33073,user_1038,provider_C,04:39.5,20.52,451.44,provider_C_station_3
sess_89238,user_1034,provider_A,19:39.5,2.86,57.2,provider_A_station_5
sess_63496,user_1031,provider_A,41:39.5,30.54,610.8,provider_A_station_3
sess_49974,user_1025,provider_C,00:39.5,3.99,87.78,provider_C_station_2
sess_63614,user_1042,provider_A,33:39.5,13.64,272.8,provider_A_station_4
sess_52025,user_1042,provider_C,16:39.5,30.96,681.12,provider_C_station_2
sess_77194,user_1017,provider_B,25:39.5,22.41,414.58,provider_B_station_1
sess_71546,user_1033,provider_C,08:39.5,2.31,50.82,provider_C_station_4
sess_22667,user_1050,provider_C,27:39.5,2.61,57.42,provider_C_station_1
sess_36025,user_1032,provider_C,33:39.5,6.57,144.54,provider_C_station_2
sess_67050,user_1002,provider_A,51:39.5,2.77,55.4,provider_A_station_1
sess_32010,user_1048,provider_B,40:39.5,2.37,43.84,provider_B_station_4
sess_37936,user_1014,provider_C,24:39.5,18.67,410.74,provider_C_station_2
sess_49046,user_1036,provider_C,26:39.5,23.91,526.02,provider_C_station_2
sess_21198,user_1045,provider_C,37:39.5,2.94,64.68,provider_C_station_1
sess_76708,user_1010,provider_B,00:39.5,12.2,225.7,provider_B_station_3
sess_27634,user_1022,provider_B,25:39.5,3.7,68.45,provider_B_station_1
sess_88775,user_1016,provider_B,03:39.5,3.45,63.82,provider_B_station_4
sess_54234,user_1014,provider_A,57:39.5,3.43,68.6,provider_A_station_3
sess_38655,user_1036,provider_C,30:39.5,21.1,464.2,provider_C_station_5
sess_49141,user_1032,provider_C,16:39.5,5.91,130.02,provider_C_station_2
sess_54324,user_1037,provider_A,56:39.5,2.6,52,provider_A_station_3
sess_12184,user_1039,provider_A,46:39.5,2.37,47.4,provider_A_station_5
sess_59019,user_1001,provider_A,46:39.5,4.86,97.2,provider_A_station_2
sess_66608,user_1033,provider_C,35:39.5,2.72,59.84,provider_C_station_5
sess_54459,user_1022,provider_A,50:39.5,2.4,48,provider_A_station_2
sess_26391,user_1050,provider_B,58:39.5,2.51,46.43,provider_B_station_1
sess_96064,user_1016,provider_B,16:39.5,2.17,40.14,provider_B_station_3
sess_82169,user_1016,provider_B,24:39.5,2.68,49.58,provider_B_station_3
sess_91674,user_1026,provider_A,48:39.5,2.33,46.6,provider_A_station_2
sess_22741,user_1040,provider_B,12:39.5,11.48,212.38,provider_B_station_4
sess_96632,user_1037,provider_C,05:39.5,2.88,63.36,provider_C_station_3
sess_31473,user_1023,provider_B,46:39.5,19.11,353.54,provider_B_station_1
sess_69768,user_1037,provider_A,06:39.5,2.1,42,provider_A_station_4
sess_36491,user_1040,provider_B,37:39.5,21.28,393.68,provider_B_station_4
sess_30693,user_1029,provider_C,39:39.5,37.22,818.84,provider_C_station_5
sess_20407,user_1046,provider_B,01:39.5,3.64,67.34,provider_B_station_4
sess_34748,user_1016,provider_C,36:39.5,2.19,48.18,provider_C_station_4
sess_73210,user_1005,provider_A,28:39.5,2.17,43.4,provider_A_station_1
sess_53370,user_1038,provider_C,26:39.5,28.97,637.34,provider_C_station_1
sess_20923,user_1031,provider_C,41:39.5,3.85,84.7,provider_C_station_3
sess_67834,user_1003,provider_B,55:39.5,2.18,40.33,provider_B_station_2
sess_13249,user_1011,provider_C,17:39.5,29.42,647.24,provider_C_station_1
sess_90761,user_1034,provider_A,52:39.5,2.89,57.8,provider_A_station_4
sess_50728,user_1010,provider_A,20:39.5,10.67,213.4,provider_A_station_5
sess_54649,user_1047,provider_C,10:39.5,2.68,58.96,provider_C_station_3
sess_69542,user_1050,provider_B,01:39.5,2.12,39.22,provider_B_station_5
sess_34091,user_1033,provider_B,41:39.5,2.86,52.91,provider_B_station_4
sess_18239,user_1003,provider_B,10:39.5,3.43,63.46,provider_B_station_1
sess_78957,user_1037,provider_C,11:39.5,2.56,56.32,provider_C_station_1
sess_21064,user_1009,provider_C,04:39.5,2.13,46.86,provider_C_station_1
sess_81950,user_1046,provider_B,05:39.5,4.91,90.84,provider_B_station_1
sess_83205,user_1011,provider_A,02:39.5,5.59,111.8,provider_A_station_1
sess_22396,user_1036,provider_A,12:39.5,26.38,527.6,provider_A_station_3
sess_27812,user_1021,provider_C,42:39.5,4.89,107.58,provider_C_station_2
sess_73907,user_1008,provider_C,40:39.5,2.84,62.48,provider_C_station_3
sess_26222,user_1017,provider_C,06:39.5,14.86,326.92,provider_C_station_3
sess_13981,user_1040,provider_B,27:39.5,14.45,267.32,provider_B_station_2
sess_29872,user_1047,provider_A,01:39.5,2.3,46,provider_A_station_4
sess_28109,user_1037,provider_C,21:39.5,2.73,60.06,provider_C_station_2
sess_67417,user_1009,provider_A,41:39.5,2.21,44.2,provider_A_station_2
sess_31706,user_1024,provider_C,34:39.5,19.46,428.12,provider_C_station_4
sess_39677,user_1027,provider_C,29:39.5,2.32,51.04,provider_C_station_5
sess_31708,user_1005,provider_C,31:39.5,2.92,64.24,provider_C_station_5
sess_22000,user_1042,provider_B,34:39.5,4.76,88.06,provider_B_station_5
sess_26606,user_1041,provider_C,38:39.5,2.58,56.76,provider_C_station_3
sess_11600,user_1008,provider_B,00:39.5,5.8,107.3,provider_B_station_5
sess_67741,user_1042,provider_B,36:39.5,35.98,665.63,provider_B_station_2
sess_15279,user_1015,provider_B,56:39.5,22.24,411.44,provider_B_station_1
sess_73251,user_1018,provider_C,38:39.5,7.28,160.16,provider_C_station_5
sess_60683,user_1003,provider_A,05:39.5,3.54,70.8,provider_A_station_5
sess_35627,user_1030,provider_A,23:39.5,25.19,503.8,provider_A_station_1
sess_11233,user_1042,provider_B,38:39.5,29.23,540.76,provider_B_station_3
sess_53799,user_1013,provider_A,25:39.5,3.54,70.8,provider_A_station_2
sess_41938,user_1028,provider_C,15:39.5,30.74,676.28,provider_C_station_5
sess_65823,user_1045,provider_A,30:39.5,3.29,65.8,provider_A_station_5
sess_33386,user_1027,provider_C,42:39.5,2.76,60.72,provider_C_station_1
sess_51516,user_1032,provider_A,39:39.5,7.6,152,provider_A_station_3
sess_79255,user_1020,provider_C,32:39.5,2.95,64.9,provider_C_station_3
sess_96043,user_1023,provider_B,21:39.5,39.84,737.04,provider_B_station_2
sess_71161,user_1017,provider_C,22:39.5,20.37,448.14,provider_C_station_2
sess_95269,user_1016,provider_B,22:39.5,3.18,58.83,provider_B_station_1
sess_87339,user_1027,provider_C,07:39.5,2.8,61.6,provider_C_station_4
sess_12918,user_1033,provider_C,44:39.5,2.51,55.22,provider_C_station_5
sess_84191,user_1041,provider_C,39:39.5,2.16,47.52,provider_C_station_1
sess_33791,user_1049,provider_B,34:39.5,2.62,48.47,provider_B_station_2
sess_23851,user_1031,provider_C,02:39.5,6.91,152.02,provider_C_station_4
sess_53686,user_1022,provider_A,52:39.5,2.48,49.6,provider_A_station_3
sess_10305,user_1044,provider_C,20:39.5,20.87,459.14,provider_C_station_3
sess_97963,user_1021,provider_C,52:39.5,3.64,80.08,provider_C_station_3
sess_29082,user_1007,provider_A,55:39.5,2.59,51.8,provider_A_station_4
sess_18580,user_1036,provider_B,32:39.5,35.11,649.54,provider_B_station_1
sess_55542,user_1006,provider_A,05:39.5,21.76,435.2,provider_A_station_3
sess_34640,user_1042,provider_C,37:39.5,33.55,738.1,provider_C_station_4
sess_83757,user_1013,provider_A,54:39.5,3.6,72,provider_A_station_5
sess_38630,user_1043,provider_C,57:39.5,19.27,423.94,provider_C_station_5
sess_83107,user_1009,provider_B,02:39.5,2.62,48.47,provider_B_station_2
sess_56870,user_1047,provider_B,36:39.5,2.48,45.88,provider_B_station_5
sess_12906,user_1013,provider_B,36:39.5,2.07,38.29,provider_B_station_2
sess_35165,user_1014,provider_B,53:39.5,21.98,406.63,provider_B_station_1
sess_72237,user_1022,provider_A,04:39.5,2.96,59.2,provider_A_station_3
sess_54793,user_1035,provider_B,10:39.5,28.97,535.94,provider_B_station_2
sess_78662,user_1005,provider_B,28:39.5,2.33,43.1,provider_B_station_2
sess_60116,user_1049,provider_B,16:39.5,3.31,61.24,provider_B_station_2
sess_20657,user_1012,provider_A,11:39.5,37.44,748.8,provider_A_station_1
sess_42739,user_1028,provider_C,01:39.5,10.83,238.26,provider_C_station_3
sess_43866,user_1037,provider_C,36:39.5,2.04,44.88,provider_C_station_4
sess_49904,user_1010,provider_A,38:39.5,22.35,447,provider_A_station_3
sess_31132,user_1008,provider_C,07:39.5,10.71,235.62,provider_C_station_3
sess_28888,user_1010,provider_C,42:39.5,20.52,451.44,provider_C_station_4
sess_48763,user_1013,provider_C,23:39.5,3.99,87.78,provider_C_station_3
sess_81192,user_1044,provider_A,34:39.5,37.3,746,provider_A_station_4
sess_43236,user_1019,provider_B,55:39.5,2.97,54.94,provider_B_station_5
sess_65069,user_1017,provider_B,42:39.5,19.38,358.53,provider_B_station_4
sess_45953,user_1015,provider_A,58:39.5,2.41,48.2,provider_A_station_5
sess_25352,user_1046,provider_C,27:39.5,14.8,325.6,provider_C_station_5
sess_12558,user_1029,provider_C,14:39.5,14.08,309.76,provider_C_station_5
sess_34750,user_1026,provider_A,15:39.5,2.21,44.2,provider_A_station_4
sess_72114,user_1018,provider_A,50:39.5,12.98,259.6,provider_A_station_1
sess_75960,user_1019,provider_C,53:39.5,3.26,71.72,provider_C_station_3
sess_67861,user_1014,provider_B,30:39.5,4.96,91.76,provider_B_station_3
sess_72934,user_1001,provider_B,00:39.5,12.58,232.73,provider_B_station_2
sess_29507,user_1035,provider_A,30:39.5,24.59,491.8,provider_A_station_2
sess_76716,user_1049,provider_C,45:39.5,3.99,87.78,provider_C_station_1
sess_49299,user_1002,provider_A,31:39.5,2.3,46,provider_A_station_3
sess_65211,user_1027,provider_C,44:39.5,2.86,62.92,provider_C_station_2
sess_37663,user_1007,provider_A,31:39.5,3.91,78.2,provider_A_station_4
sess_73348,user_1007,provider_A,36:39.5,3.69,73.8,provider_A_station_5
sess_14659,user_1040,provider_A,00:39.5,8.3,166,provider_A_station_1
sess_60762,user_1019,provider_B,07:39.5,2.57,47.54,provider_B_station_5
sess_89701,user_1022,provider_A,22:39.5,2.65,53,provider_A_station_3
sess_39778,user_1022,provider_B,58:39.5,2.92,54.02,provider_B_station_1
sess_83591,user_1044,provider_C,12:39.5,16.97,373.34,provider_C_station_1
sess_32484,user_1003,provider_B,25:39.5,3.75,69.38,provider_B_station_4
sess_66177,user_1021,provider_C,45:39.5,23.46,516.12,provider_C_station_2
sess_97033,user_1010,provider_B,44:39.5,23.59,436.42,provider_B_station_1
sess_31891,user_1013,provider_A,08:39.5,2.89,57.8,provider_A_station_4
sess_24978,user_1018,provider_B,15:39.5,10.58,195.73,provider_B_station_3
sess_76155,user_1015,provider_A,51:39.5,14.3,286,provider_A_station_4
sess_39373,user_1005,provider_A,14:39.5,2.73,54.6,provider_A_station_2
sess_27944,user_1045,provider_C,46:39.5,2.73,60.06,provider_C_station_2
sess_41224,user_1031,provider_B,25:39.5,11.33,209.6,provider_B_station_2
sess_95475,user_1031,provider_A,33:39.5,32.19,643.8,provider_A_station_4
sess_58468,user_1013,provider_C,16:39.5,2.73,60.06,provider_C_station_1
sess_32323,user_1025,provider_A,07:39.5,2.54,50.8,provider_A_station_1
sess_67901,user_1035,provider_A,27:39.5,39.37,787.4,provider_A_station_2
sess_81067,user_1041,provider_B,48:39.5,2.87,53.1,provider_B_station_4
sess_59525,user_1032,provider_C,54:39.5,2.23,49.06,provider_C_station_5
sess_18888,user_1025,provider_A,43:39.5,2.98,59.6,provider_A_station_1
sess_73782,user_1001,provider_A,49:39.5,27.5,550,provider_A_station_2
sess_76707,user_1037,provider_B,33:39.5,2.94,54.39,provider_B_station_1
sess_11772,user_1036,provider_C,12:39.5,13.77,302.94,provider_C_station_2
sess_56146,user_1035,provider_B,07:39.5,19.88,367.78,provider_B_station_4
sess_29618,user_1047,provider_B,10:39.5,2.26,41.81,provider_B_station_4
sess_29361,user_1015,provider_A,24:39.5,25.9,518,provider_A_station_2
sess_26719,user_1035,provider_A,14:39.5,4.66,93.2,provider_A_station_2
sess_14151,user_1018,provider_B,55:39.5,10.58,195.73,provider_B_station_2
sess_41730,user_1002,provider_B,23:39.5,2.91,53.84,provider_B_station_3
sess_42055,user_1005,provider_A,14:39.5,2.42,48.4,provider_A_station_3
sess_80308,user_1046,provider_C,44:39.5,10.01,220.22,provider_C_station_3
sess_36208,user_1048,provider_A,17:39.5,2.13,42.6,provider_A_station_2
sess_30734,user_1028,provider_B,58:39.5,12.83,237.36,provider_B_station_4
sess_95983,user_1045,provider_A,09:39.5,3.54,70.8,provider_A_station_3
sess_88118,user_1023,provider_A,56:39.5,5.77,115.4,provider_A_station_4
sess_61000,user_1020,provider_B,31:39.5,2.66,49.21,provider_B_station_4
sess_39078,user_1007,provider_A,49:39.5,3.56,71.2,provider_A_station_2
sess_60234,user_1017,provider_C,14:39.5,16.92,372.24,provider_C_station_4
sess_40734,user_1043,provider_B,33:39.5,8.07,149.3,provider_B_station_1
sess_70765,user_1015,provider_A,37:39.5,3.64,72.8,provider_A_station_2
sess_59384,user_1027,provider_B,33:39.5,2.89,53.46,provider_B_station_2
sess_27644,user_1041,provider_C,37:39.5,2.63,57.86,provider_C_station_4
sess_32229,user_1006,provider_B,12:39.5,30.16,557.96,provider_B_station_4
sess_91185,user_1035,provider_A,45:39.5,23.85,477,provider_A_station_3
sess_15669,user_1023,provider_A,23:39.5,32.38,647.6,provider_A_station_5
sess_28109,user_1043,provider_B,17:39.5,6.92,128.02,provider_B_station_1
sess_67787,user_1022,provider_C,50:39.5,2.22,48.84,provider_C_station_2
sess_16685,user_1027,provider_C,12:39.5,2.5,55,provider_C_station_1
sess_53276,user_1020,provider_B,34:39.5,2.28,42.18,provider_B_station_1
sess_51856,user_1027,provider_A,55:39.5,2.51,50.2,provider_A_station_2
sess_69112,user_1005,provider_A,39:39.5,2.88,57.6,provider_A_station_5
sess_67161,user_1050,provider_B,43:39.5,2.28,42.18,provider_B_station_1
sess_41535,user_1014,provider_C,01:39.5,20.82,458.04,provider_C_station_5
sess_83001,user_1020,provider_A,42:39.5,2.16,43.2,provider_A_station_4
sess_24639,user_1050,provider_C,20:39.5,2.64,58.08,provider_C_station_4
sess_43138,user_1007,provider_C,25:39.5,2.09,45.98,provider_C_station_4
sess_14399,user_1037,provider_A,43:39.5,2.7,54,provider_A_station_5
sess_11959,user_1003,provider_B,24:39.5,2.67,49.4,provider_B_station_2
sess_95381,user_1023,provider_B,23:39.5,36.25,670.62,provider_B_station_4
sess_61836,user_1047,provider_A,33:39.5,2,40,provider_A_station_1
sess_51731,user_1035,provider_B,52:39.5,17.96,332.26,provider_B_station_3
sess_16485,user_1046,provider_A,54:39.5,12.66,253.2,provider_A_station_2
sess_90254,user_1003,provider_A,39:39.5,2.22,44.4,provider_A_station_5
sess_56974,user_1044,provider_C,35:39.5,7.44,163.68,provider_C_station_3
sess_40973,user_1031,provider_C,11:39.5,9.23,203.06,provider_C_station_1
sess_40640,user_1037,provider_B,56:39.5,2.3,42.55,provider_B_station_2
sess_71745,user_1026,provider_B,17:39.5,2.49,46.07,provider_B_station_2
sess_30819,user_1024,provider_B,46:39.5,13.48,249.38,provider_B_station_4
sess_10468,user_1010,provider_C,53:39.5,5.65,124.3,provider_C_station_5
sess_72841,user_1031,provider_A,51:39.5,8.55,171,provider_A_station_3
sess_96990,user_1044,provider_C,48:39.5,10.3,226.6,provider_C_station_4
sess_41254,user_1018,provider_C,22:39.5,21.87,481.14,provider_C_station_5
sess_62807,user_1041,provider_C,37:39.5,2.11,46.42,provider_C_station_4
sess_43011,user_1015,provider_C,26:39.5,31.25,687.5,provider_C_station_1
sess_65904,user_1045,provider_A,03:39.5,3.17,63.4,provider_A_station_2
sess_39042,user_1004,provider_C,09:39.5,3.74,82.28,provider_C_station_4
sess_97943,user_1049,provider_A,35:39.5,3.87,77.4,provider_A_station_2
sess_61215,user_1036,provider_C,35:39.5,35.78,787.16,provider_C_station_3
sess_11671,user_1014,provider_A,08:39.5,4.53,90.6,provider_A_station_4
sess_35234,user_1036,provider_A,15:39.5,5.41,108.2,provider_A_station_5
sess_29764,user_1017,provider_A,11:39.5,16.19,323.8,provider_A_station_5
sess_63373,user_1003,provider_A,15:39.5,2.48,49.6,provider_A_station_3
sess_52354,user_1022,provider_C,40:39.5,2.07,45.54,provider_C_station_3
sess_76113,user_1005,provider_C,30:39.5,2.16,47.52,provider_C_station_5
sess_65113,user_1007,provider_C,37:39.5,3.74,82.28,provider_C_station_1
sess_51578,user_1027,provider_B,36:39.5,2.35,43.48,provider_B_station_5
sess_19161,user_1031,provider_C,22:39.5,9.5,209,provider_C_station_4
sess_19702,user_1010,provider_B,17:39.5,11.38,210.53,provider_B_station_2
sess_58555,user_1010,provider_A,54:39.5,12.26,245.2,provider_A_station_3
sess_57887,user_1029,provider_A,06:39.5,11.72,234.4,provider_A_station_3
sess_34518,user_1039,provider_B,14:39.5,3.7,68.45,provider_B_station_3
sess_33363,user_1047,provider_B,56:39.5,2.14,39.59,provider_B_station_4
sess_19524,user_1028,provider_C,34:39.5,9.91,218.02,provider_C_station_1
sess_65969,user_1026,provider_C,19:39.5,2.29,50.38,provider_C_station_4
sess_37878,user_1044,provider_A,47:39.5,8.36,167.2,provider_A_station_2
sess_35233,user_1031,provider_A,14:39.5,11.28,225.6,provider_A_station_5
sess_45463,user_1033,provider_C,02:39.5,2.51,55.22,provider_C_station_3
sess_89126,user_1009,provider_B,46:39.5,2.85,52.72,provider_B_station_5
sess_64217,user_1034,provider_A,26:39.5,2.35,47,provider_A_station_4
sess_11666,user_1044,provider_A,44:39.5,13.29,265.8,provider_A_station_2
sess_61467,user_1020,provider_A,43:39.5,2.61,52.2,provider_A_station_4
sess_18596,user_1007,provider_A,49:39.5,3.34,66.8,provider_A_station_3
sess_16869,user_1042,provider_A,07:39.5,35.81,716.2,provider_A_station_5
sess_63638,user_1023,provider_B,58:39.5,16.1,297.85,provider_B_station_5
sess_14464,user_1046,provider_B,05:39.5,21.65,400.52,provider_B_station_3
sess_49486,user_1003,provider_C,12:39.5,3.83,84.26,provider_C_station_1
sess_34821,user_1043,provider_C,02:39.5,12.97,285.34,provider_C_station_3
sess_43940,user_1021,provider_A,56:39.5,6.71,134.2,provider_A_station_3
sess_36202,user_1039,provider_A,35:39.5,3.94,78.8,provider_A_station_2
sess_99217,user_1030,provider_B,17:39.5,25.72,475.82,provider_B_station_1
sess_55173,user_1042,provider_A,13:39.5,10.62,212.4,provider_A_station_2
sess_61005,user_1048,provider_C,19:39.5,2.01,44.22,provider_C_station_1
sess_81405,user_1011,provider_B,47:39.5,38.57,713.54,provider_B_station_1
sess_24515,user_1010,provider_A,12:39.5,14.56,291.2,provider_A_station_2
sess_83749,user_1015,provider_B,34:39.5,12.14,224.59,provider_B_station_1
sess_70415,user_1011,provider_C,38:39.5,37.81,831.82,provider_C_station_1
sess_96394,user_1004,provider_B,54:39.5,3.1,57.35,provider_B_station_2
sess_27608,user_1018,provider_B,31:39.5,16.75,309.88,provider_B_station_3
sess_53125,user_1050,provider_A,19:39.5,2.75,55,provider_A_station_4
sess_21482,user_1010,provider_A,11:39.5,9.07,181.4,provider_A_station_4
sess_34497,user_1020,provider_B,39:39.5,2.6,48.1,provider_B_station_5
sess_40315,user_1038,provider_B,03:39.5,11.72,216.82,provider_B_station_1
sess_63095,user_1024,provider_A,46:39.5,17.53,350.6,provider_A_station_4
sess_10849,user_1030,provider_B,20:39.5,21.97,406.44,provider_B_station_3
sess_90110,user_1020,provider_B,07:39.5,2.55,47.18,provider_B_station_1
sess_64107,user_1023,provider_A,30:39.5,29.23,584.6,provider_A_station_3
sess_57893,user_1020,provider_A,21:39.5,2.25,45,provider_A_station_1
sess_58783,user_1047,provider_A,51:39.5,2.02,40.4,provider_A_station_5
sess_51499,user_1022,provider_C,12:39.5,3.75,82.5,provider_C_station_3
sess_96758,user_1028,provider_C,10:39.5,4.05,89.1,provider_C_station_3
sess_48879,user_1002,provider_B,42:39.5,2.92,54.02,provider_B_station_4
sess_93823,user_1038,provider_B,57:39.5,15.95,295.08,provider_B_station_3
sess_23885,user_1048,provider_A,42:39.5,2.49,49.8,provider_A_station_5
sess_87005,user_1005,provider_A,00:39.5,2.54,50.8,provider_A_station_2
sess_64315,user_1006,provider_B,21:39.5,28.59,528.92,provider_B_station_5
sess_84258,user_1024,provider_A,17:39.5,13.97,279.4,provider_A_station_2
sess_81706,user_1010,provider_A,54:39.5,6.11,122.2,provider_A_station_2
sess_93712,user_1036,provider_C,47:39.5,2.62,57.64,provider_C_station_4
sess_70536,user_1038,provider_C,27:39.5,25.02,550.44,provider_C_station_4
sess_91797,user_1008,provider_A,56:39.5,21.38,427.6,provider_A_station_3
sess_33931,user_1002,provider_A,35:39.5,2.09,41.8,provider_A_station_4
sess_79024,user_1031,provider_C,55:39.5,40.07,881.54,provider_C_station_3
sess_18591,user_1019,provider_C,50:39.5,2.33,51.26,provider_C_station_5
sess_73089,user_1022,provider_A,22:39.5,2.08,41.6,provider_A_station_4
sess_14995,user_1033,provider_A,21:39.5,2.77,55.4,provider_A_station_2
sess_18266,user_1010,provider_C,09:39.5,11.35,249.7,provider_C_station_4
sess_94313,user_1028,provider_A,59:39.5,10.99,219.8,provider_A_station_1
sess_81226,user_1025,provider_B,12:39.5,3.12,57.72,provider_B_station_5
sess_71526,user_1026,provider_B,47:39.5,2.17,40.14,provider_B_station_4
sess_33999,user_1017,provider_A,01:39.5,4.53,90.6,provider_A_station_3
sess_90475,user_1018,provider_A,34:39.5,7.98,159.6,provider_A_station_3
sess_54488,user_1022,provider_B,51:39.5,3.78,69.93,provider_B_station_1
sess_76443,user_1043,provider_B,11:39.5,10.42,192.77,provider_B_station_3
sess_88762,user_1038,provider_A,18:39.5,7.69,153.8,provider_A_station_2
sess_60656,user_1037,provider_A,17:39.5,2.81,56.2,provider_A_station_4
sess_87632,user_1039,provider_A,12:39.5,3.06,61.2,provider_A_station_2
sess_86491,user_1029,provider_C,29:39.5,14.4,316.8,provider_C_station_2
sess_10843,user_1029,provider_C,09:39.5,25.86,568.92,provider_C_station_4
sess_65561,user_1046,provider_B,18:39.5,22.41,414.58,provider_B_station_3
sess_24319,user_1004,provider_B,03:39.5,2.45,45.32,provider_B_station_5
sess_72486,user_1005,provider_A,36:39.5,2.48,49.6,provider_A_station_2
sess_48830,user_1047,provider_B,38:39.5,2.83,52.36,provider_B_station_3
sess_20440,user_1013,provider_C,09:39.5,2.11,46.42,provider_C_station_4
sess_99260,user_1040,provider_B,27:39.5,20.57,380.54,provider_B_station_4
sess_54714,user_1011,provider_B,16:39.5,16.71,309.14,provider_B_station_1
sess_23396,user_1037,provider_B,06:39.5,2.38,44.03,provider_B_station_4
sess_16773,user_1003,provider_C,34:39.5,3.97,87.34,provider_C_station_2
sess_76768,user_1034,provider_B,44:39.5,2.93,54.21,provider_B_station_5
sess_48404,user_1006,provider_C,37:39.5,16.37,360.14,provider_C_station_4
sess_63497,user_1026,provider_A,42:39.5,2.47,49.4,provider_A_station_5
sess_53280,user_1017,provider_C,56:39.5,13.61,299.42,provider_C_station_2
sess_71739,user_1002,provider_B,30:39.5,2.3,42.55,provider_B_station_1
sess_67854,user_1006,provider_A,33:39.5,18.19,363.8,provider_A_station_4
sess_57623,user_1021,provider_B,24:39.5,18.28,338.18,provider_B_station_4
sess_61008,user_1043,provider_C,57:39.5,4.37,96.14,provider_C_station_5
sess_48516,user_1029,provider_A,39:39.5,9.43,188.6,provider_A_station_3
sess_39902,user_1015,provider_A,42:39.5,15.78,315.6,provider_A_station_3
sess_59880,user_1009,provider_C,54:39.5,2.57,56.54,provider_C_station_2
sess_80225,user_1019,provider_B,50:39.5,3.38,62.53,provider_B_station_2
sess_24634,user_1014,provider_B,19:39.5,16.64,307.84,provider_B_station_3
sess_50089,user_1046,provider_A,14:39.5,13.97,279.4,provider_A_station_5
sess_57397,user_1044,provider_C,54:39.5,25.73,566.06,provider_C_station_5
sess_73025,user_1005,provider_A,15:39.5,2.56,51.2,provider_A_station_2
sess_60227,user_1032,provider_B,32:39.5,12.78,236.43,provider_B_station_2
sess_20672,user_1033,provider_B,13:39.5,2.01,37.18,provider_B_station_5
sess_40485,user_1006,provider_A,18:39.5,4.73,94.6,provider_A_station_2
sess_92179,user_1037,provider_B,41:39.5,2.07,38.29,provider_B_station_2
sess_16756,user_1010,provider_C,02:39.5,15.9,349.8,provider_C_station_3
sess_89746,user_1040,provider_A,51:39.5,11.2,224,provider_A_station_5
sess_55278,user_1041,provider_C,25:39.5,2.39,52.58,provider_C_station_3
sess_52360,user_1049,provider_C,01:39.5,3.66,80.52,provider_C_station_5
sess_23031,user_1038,provider_A,42:39.5,39.32,786.4,provider_A_station_5
sess_50920,user_1009,provider_B,03:39.5,2.44,45.14,provider_B_station_4
sess_60297,user_1033,provider_C,42:39.5,2.2,48.4,provider_C_station_1
sess_67031,user_1011,provider_C,24:39.5,7.83,172.26,provider_C_station_2
sess_94915,user_1050,provider_C,49:39.5,2.63,57.86,provider_C_station_3
sess_53295,user_1046,provider_A,19:39.5,20.92,418.4,provider_A_station_4
sess_53199,user_1007,provider_A,55:39.5,3.81,76.2,provider_A_station_3
sess_34231,user_1020,provider_A,51:39.5,2.33,46.6,provider_A_station_3
sess_52937,user_1011,provider_C,11:39.5,11.52,253.44,provider_C_station_3
sess_78126,user_1006,provider_C,38:39.5,22.1,486.2,provider_C_station_4
sess_68183,user_1009,provider_C,24:39.5,2.91,64.02,provider_C_station_5
sess_44606,user_1039,provider_C,45:39.5,3.13,68.86,provider_C_station_3
sess_68894,user_1036,provider_C,09:39.5,18.97,417.34,provider_C_station_2
sess_26772,user_1004,provider_C,41:39.5,3.45,75.9,provider_C_station_4
sess_16784,user_1039,provider_A,52:39.5,2.58,51.6,provider_A_station_4
sess_28338,user_1006,provider_A,33:39.5,37.22,744.4,provider_A_station_5
sess_46153,user_1008,provider_C,23:39.5,12.01,264.22,provider_C_station_3
sess_89124,user_1013,provider_A,57:39.5,3.94,78.8,provider_A_station_5
sess_94708,user_1037,provider_A,39:39.5,2.05,41,provider_A_station_4
sess_19980,user_1041,provider_C,19:39.5,2.2,48.4,provider_C_station_5
sess_29044,user_1007,provider_A,38:39.5,3.35,67,provider_A_station_2
sess_42952,user_1049,provider_C,50:39.5,3.79,83.38,provider_C_station_5
sess_49941,user_1030,provider_C,56:39.5,37.86,832.92,provider_C_station_5
sess_28658,user_1002,provider_C,48:39.5,2.43,53.46,provider_C_station_2
sess_12167,user_1033,provider_C,16:39.5,2.62,57.64,provider_C_station_2
sess_95280,user_1048,provider_B,25:39.5,2.74,50.69,provider_B_station_5
sess_47507,user_1014,provider_A,12:39.5,12.6,252,provider_A_station_3
sess_36621,user_1050,provider_A,49:39.5,2.83,56.6,provider_A_station_1
sess_75213,user_1041,provider_C,20:39.5,2.51,55.22,provider_C_station_2
sess_26640,user_1008,provider_B,49:39.5,10.98,203.13,provider_B_station_2
sess_67594,user_1008,provider_C,14:39.5,18.99,417.78,provider_C_station_5
sess_59667,user_1021,provider_A,42:39.5,9.98,199.6,provider_A_station_4
sess_96853,user_1030,provider_B,23:39.5,15.07,278.8,provider_B_station_5
sess_42065,user_1042,provider_C,38:39.5,23.77,522.94,provider_C_station_1
sess_46878,user_1038,provider_C,54:39.5,7.98,175.56,provider_C_station_3
sess_32768,user_1035,provider_C,01:39.5,7.98,175.56,provider_C_station_3
sess_65702,user_1045,provider_B,31:39.5,3.59,66.41,provider_B_station_1
sess_27831,user_1046,provider_C,08:39.5,5.09,111.98,provider_C_station_3
sess_88997,user_1026,provider_A,20:39.5,2.78,55.6,provider_A_station_2
sess_62273,user_1040,provider_B,53:39.5,6.77,125.24,provider_B_station_5
sess_98605,user_1006,provider_C,16:39.5,39.69,873.18,provider_C_station_3
sess_57950,user_1026,provider_A,09:39.5,2.22,44.4,provider_A_station_2
sess_70544,user_1044,provider_A,42:39.5,16.74,334.8,provider_A_station_3
sess_70746,user_1007,provider_C,48:39.5,3.83,84.26,provider_C_station_3
sess_19768,user_1043,provider_A,33:39.5,22.75,455,provider_A_station_1
sess_83183,user_1005,provider_A,47:39.5,2.34,46.8,provider_A_station_3
sess_99081,user_1004,provider_B,22:39.5,3.14,58.09,provider_B_station_1
sess_13464,user_1032,provider_A,17:39.5,7.48,149.6,provider_A_station_1
sess_22931,user_1001,provider_C,28:39.5,18.93,416.46,provider_C_station_4
sess_41306,user_1035,provider_A,15:39.5,38.33,766.6,provider_A_station_2
sess_56019,user_1017,provider_B,17:39.5,8.07,149.3,provider_B_station_1
sess_94043,user_1024,provider_C,24:39.5,23.47,516.34,provider_C_station_2
sess_86144,user_1024,provider_A,30:39.5,7.93,158.6,provider_A_station_5
sess_91887,user_1016,provider_C,16:39.5,2.45,53.9,provider_C_station_1
sess_80578,user_1023,provider_A,03:39.5,20.4,408,provider_A_station_2
sess_94516,user_1024,provider_B,10:39.5,36.68,678.58,provider_B_station_4
sess_53208,user_1019,provider_A,03:39.5,3.7,74,provider_A_station_3
sess_98753,user_1050,provider_B,22:39.5,2.69,49.76,provider_B_station_2
sess_95343,user_1004,provider_A,20:39.5,3.8,76,provider_A_station_2
sess_19741,user_1016,provider_A,30:39.5,3.36,67.2,provider_A_station_4
sess_71513,user_1028,provider_C,02:39.5,32.35,711.7,provider_C_station_1
sess_57229,user_1045,provider_C,41:39.5,3.03,66.66,provider_C_station_5
sess_46359,user_1020,provider_C,25:39.5,2.41,53.02,provider_C_station_4
sess_81700,user_1032,provider_C,49:39.5,22.2,488.4,provider_C_station_5
sess_28868,user_1002,provider_B,26:39.5,2.86,52.91,provider_B_station_2
sess_10588,user_1026,provider_C,43:39.5,2.79,61.38,provider_C_station_1
sess_43088,user_1042,provider_B,12:39.5,37.42,692.27,provider_B_station_3
sess_81671,user_1018,provider_B,05:39.5,21.52,398.12,provider_B_station_2
sess_61140,user_1047,provider_A,59:39.5,2.05,41,provider_A_station_3
sess_20381,user_1008,provider_B,34:39.5,23.62,436.97,provider_B_station_2
sess_15590,user_1009,provider_B,39:39.5,2.46,45.51,provider_B_station_1
sess_17593,user_1018,provider_C,09:39.5,9.02,198.44,provider_C_station_4
sess_94626,user_1039,provider_C,25:39.5,3.01,66.22,provider_C_station_1
sess_89064,user_1034,provider_A,58:39.5,2.62,52.4,provider_A_station_3
sess_96467,user_1003,provider_B,19:39.5,2.26,41.81,provider_B_station_3
sess_21319,user_1042,provider_A,40:39.5,9.28,185.6,provider_A_station_5
sess_61784,user_1043,provider_C,59:39.5,5.34,117.48,provider_C_station_4
sess_56638,user_1011,provider_B,35:39.5,9.62,177.97,provider_B_station_1
sess_57760,user_1016,provider_C,41:39.5,2.57,56.54,provider_C_station_5
sess_53055,user_1010,provider_B,05:39.5,6.79,125.62,provider_B_station_4
sess_68368,user_1034,provider_C,16:39.5,2.59,56.98,provider_C_station_3
sess_24498,user_1032,provider_C,23:39.5,8.69,191.18,provider_C_station_2
sess_96243,user_1009,provider_A,42:39.5,2.34,46.8,provider_A_station_1
sess_87450,user_1038,provider_A,39:39.5,24.97,499.4,provider_A_station_1
sess_81040,user_1046,provider_C,36:39.5,19.61,431.42,provider_C_station_5
sess_89055,user_1043,provider_C,23:39.5,15.49,340.78,provider_C_station_5
sess_25189,user_1042,provider_B,38:39.5,33.73,624,provider_B_station_5
sess_20625,user_1037,provider_A,15:39.5,2.63,52.6,provider_A_station_5
sess_26823,user_1024,provider_C,38:39.5,31.22,686.84,provider_C_station_4
sess_19292,user_1042,provider_B,59:39.5,10.89,201.46,provider_B_station_3
sess_88604,user_1035,provider_C,29:39.5,19.51,429.22,provider_C_station_3
sess_54264,user_1013,provider_C,52:39.5,3.06,67.32,provider_C_station_5
sess_92350,user_1014,provider_C,08:39.5,23,506,provider_C_station_1
sess_65477,user_1037,provider_B,35:39.5,2.25,41.62,provider_B_station_3
sess_99798,user_1014,provider_B,51:39.5,24,444,provider_B_station_5
sess_31655,user_1047,provider_B,47:39.5,2.15,39.78,provider_B_station_4
sess_80922,user_1004,provider_B,28:39.5,2.99,55.32,provider_B_station_5
sess_20952,user_1003,provider_A,05:39.5,3.56,71.2,provider_A_station_4
sess_17171,user_1008,provider_B,46:39.5,10.33,191.1,provider_B_station_3
sess_17064,user_1005,provider_C,31:39.5,2.72,59.84,provider_C_station_3
sess_86653,user_1011,provider_C,17:39.5,15.74,346.28,provider_C_station_1
sess_24950,user_1048,provider_A,45:39.5,2.32,46.4,provider_A_station_2
sess_93558,user_1050,provider_A,06:39.5,2.61,52.2,provider_A_station_5
sess_36849,user_1025,provider_B,34:39.5,2.36,43.66,provider_B_station_1
sess_17118,user_1013,provider_C,26:39.5,3.9,85.8,provider_C_station_3
sess_31185,user_1028,provider_A,32:39.5,16.59,331.8,provider_A_station_2
sess_79190,user_1027,provider_C,50:39.5,2.16,47.52,provider_C_station_4
sess_91881,user_1046,provider_A,45:39.5,21.59,431.8,provider_A_station_2
sess_63079,user_1044,provider_C,04:39.5,27.87,613.14,provider_C_station_4
sess_41423,user_1007,provider_B,10:39.5,3.97,73.45,provider_B_station_2
sess_51283,user_1025,provider_B,19:39.5,3.32,61.42,provider_B_station_1
sess_25436,user_1041,provider_C,29:39.5,2.21,48.62,provider_C_station_4
sess_87684,user_1048,provider_C,07:39.5,2.11,46.42,provider_C_station_4
sess_21033,user_1006,provider_C,05:39.5,8.39,184.58,provider_C_station_3
sess_45195,user_1017,provider_B,16:39.5,21.17,391.65,provider_B_station_2
sess_66853,user_1035,provider_B,56:39.5,3.27,60.5,provider_B_station_1
sess_89590,user_1036,provider_B,54:39.5,8.69,160.76,provider_B_station_2
sess_45679,user_1045,provider_B,55:39.5,3.32,61.42,provider_B_station_2
sess_11942,user_1013,provider_B,53:39.5,3.59,66.41,provider_B_station_3
sess_89040,user_1021,provider_B,02:39.5,19.64,363.34,provider_B_station_1
sess_24598,user_1005,provider_C,16:39.5,2.12,46.64,provider_C_station_1
sess_78519,user_1033,provider_B,41:39.5,2.22,41.07,provider_B_station_2
sess_51916,user_1029,provider_C,07:39.5,39.34,865.48,provider_C_station_3
sess_36859,user_1028,provider_B,42:39.5,5.17,95.64,provider_B_station_3
sess_16394,user_1041,provider_A,23:39.5,2.35,47,provider_A_station_5
sess_20910,user_1011,provider_B,05:39.5,11.25,208.12,provider_B_station_3
sess_36245,user_1047,provider_C,25:39.5,2.37,52.14,provider_C_station_4
sess_67596,user_1001,provider_B,47:39.5,5.91,109.34,provider_B_station_3
sess_53575,user_1013,provider_C,37:39.5,2.67,58.74,provider_C_station_5
sess_92396,user_1001,provider_B,41:39.5,4.15,76.78,provider_B_station_5
sess_37232,user_1006,provider_A,10:39.5,3.71,74.2,provider_A_station_4
sess_24133,user_1012,provider_A,30:39.5,30.32,606.4,provider_A_station_1
sess_23505,user_1012,provider_A,42:39.5,17.14,342.8,provider_A_station_2
sess_94161,user_1019,provider_A,17:39.5,2.24,44.8,provider_A_station_4
sess_86545,user_1028,provider_B,49:39.5,29.41,544.08,provider_B_station_2
sess_98376,user_1003,provider_C,05:39.5,2.42,53.24,provider_C_station_1
sess_73383,user_1029,provider_B,50:39.5,32.72,605.32,provider_B_station_2
sess_91367,user_1037,provider_A,47:39.5,2.42,48.4,provider_A_station_2
sess_77021,user_1018,provider_C,03:39.5,19.76,434.72,provider_C_station_5
sess_85072,user_1003,provider_B,52:39.5,2.57,47.54,provider_B_station_3
sess_70179,user_1050,provider_C,03:39.5,2.58,56.76,provider_C_station_4
sess_33481,user_1002,provider_C,40:39.5,2.86,62.92,provider_C_station_4
sess_66867,user_1049,provider_C,58:39.5,3.61,79.42,provider_C_station_3
sess_89223,user_1006,provider_C,19:39.5,35.86,788.92,provider_C_station_2
sess_31571,user_1027,provider_A,01:39.5,2.16,43.2,provider_A_station_1
sess_27393,user_1025,provider_C,45:39.5,3.95,86.9,provider_C_station_5
sess_18268,user_1027,provider_B,40:39.5,2.44,45.14,provider_B_station_5
sess_31176,user_1002,provider_B,38:39.5,2.01,37.18,provider_B_station_3
sess_32329,user_1015,provider_A,34:39.5,24.97,499.4,provider_A_station_2
sess_24003,user_1025,provider_B,59:39.5,2.25,41.62,provider_B_station_1
sess_56518,user_1024,provider_C,16:39.5,12.85,282.7,provider_C_station_2
sess_92689,user_1050,provider_B,42:39.5,2.44,45.14,provider_B_station_3
sess_62735,user_1044,provider_B,17:39.5,3.47,64.2,provider_B_station_3
sess_45065,user_1031,provider_B,59:39.5,19.4,358.9,provider_B_station_5
sess_49919,user_1032,provider_C,09:39.5,14.65,322.3,provider_C_station_4
sess_10456,user_1038,provider_C,13:39.5,39.02,858.44,provider_C_station_3
sess_47217,user_1039,provider_B,51:39.5,2.26,41.81,provider_B_station_5
sess_21464,user_1022,provider_B,27:39.5,3.83,70.86,provider_B_station_2
sess_24768,user_1039,provider_B,40:39.5,3.47,64.2,provider_B_station_1
sess_31209,user_1017,provider_B,39:39.5,10.34,191.29,provider_B_station_1
sess_11730,user_1015,provider_B,26:39.5,23.47,434.2,provider_B_station_1
sess_20838,user_1005,provider_A,02:39.5,2.92,58.4,provider_A_station_1
sess_16855,user_1018,provider_C,31:39.5,3.37,74.14,provider_C_station_4
sess_48728,user_1012,provider_C,41:39.5,7.31,160.82,provider_C_station_3
sess_97408,user_1013,provider_B,18:39.5,3.95,73.08,provider_B_station_5
sess_95382,user_1042,provider_A,35:39.5,17.94,358.8,provider_A_station_5
sess_20128,user_1049,provider_B,56:39.5,2.41,44.58,provider_B_station_1
sess_84470,user_1008,provider_C,52:39.5,17.87,393.14,provider_C_station_5
sess_51401,user_1021,provider_B,17:39.5,14.16,261.96,provider_B_station_2
sess_51837,user_1010,provider_C,53:39.5,11.06,243.32,provider_C_station_4
sess_76720,user_1025,provider_B,41:39.5,2.96,54.76,provider_B_station_2
sess_93405,user_1047,provider_B,54:39.5,2.95,54.58,provider_B_station_3
sess_85559,user_1006,provider_C,07:39.5,27.04,594.88,provider_C_station_3
sess_16853,user_1050,provider_C,14:39.5,2.61,57.42,provider_C_station_1
sess_56751,user_1017,provider_C,38:39.5,10.32,227.04,provider_C_station_4
sess_57638,user_1041,provider_B,25:39.5,2.25,41.62,provider_B_station_3
sess_28877,user_1004,provider_A,36:39.5,2.44,48.8,provider_A_station_1
sess_22679,user_1021,provider_C,14:39.5,8.22,180.84,provider_C_station_3
sess_95807,user_1013,provider_A,29:39.5,3.87,77.4,provider_A_station_5
sess_90402,user_1050,provider_A,06:39.5,2.06,41.2,provider_A_station_2
sess_69402,user_1048,provider_A,07:39.5,2.39,47.8,provider_A_station_1
sess_90934,user_1008,provider_A,54:39.5,2.19,43.8,provider_A_station_1
sess_59364,user_1047,provider_C,29:39.5,2.6,57.2,provider_C_station_5
sess_36600,user_1019,provider_B,02:39.5,2.66,49.21,provider_B_station_4
sess_94372,user_1039,provider_A,55:39.5,3.34,66.8,provider_A_station_2
sess_13653,user_1004,provider_C,51:39.5,2.92,64.24,provider_C_station_3
sess_63403,user_1046,provider_B,34:39.5,4.58,84.73,provider_B_station_3
sess_31719,user_1043,provider_A,38:39.5,23.67,473.4,provider_A_station_5
sess_12153,user_1003,provider_C,15:39.5,2.39,52.58,provider_C_station_3
sess_51441,user_1041,provider_B,09:39.5,2.72,50.32,provider_B_station_3
sess_21357,user_1049,provider_B,08:39.5,3.43,63.46,provider_B_station_4
sess_45886,user_1043,provider_C,01:39.5,7.59,166.98,provider_C_station_3
sess_44974,user_1031,provider_C,37:39.5,21.4,470.8,provider_C_station_5
sess_72467,user_1032,provider_C,34:39.5,12.18,267.96,provider_C_station_4
sess_92601,user_1028,provider_B,28:39.5,5.1,94.35,provider_B_station_1
sess_98616,user_1049,provider_C,47:39.5,2.02,44.44,provider_C_station_3
sess_67289,user_1021,provider_B,06:39.5,7.81,144.48,provider_B_station_4
sess_58545,user_1024,provider_A,29:39.5,38.01,760.2,provider_A_station_1
sess_11956,user_1008,provider_C,38:39.5,3.5,77,provider_C_station_5
sess_55392,user_1005,provider_A,49:39.5,2.72,54.4,provider_A_station_3
sess_36256,user_1038,provider_A,23:39.5,35.31,706.2,provider_A_station_3
sess_99987,user_1039,provider_C,15:39.5,2.54,55.88,provider_C_station_1
sess_64238,user_1014,provider_B,09:39.5,8.04,148.74,provider_B_station_2
sess_32845,user_1014,provider_C,17:39.5,8.96,197.12,provider_C_station_4
sess_69823,user_1038,provider_B,05:39.5,21.95,406.08,provider_B_station_4
sess_81020,user_1030,provider_C,32:39.5,15.96,351.12,provider_C_station_5
sess_50417,user_1021,provider_B,56:39.5,2.7,49.95,provider_B_station_3
sess_35818,user_1012,provider_A,16:39.5,21.06,421.2,provider_A_station_4
sess_63421,user_1027,provider_C,22:39.5,2.94,64.68,provider_C_station_3
sess_73660,user_1030,provider_B,02:39.5,4.5,83.25,provider_B_station_1
sess_83696,user_1036,provider_C,43:39.5,2.15,47.3,provider_C_station_3
sess_57728,user_1026,provider_C,18:39.5,2.71,59.62,provider_C_station_1
sess_86861,user_1036,provider_C,32:39.5,38.34,843.48,provider_C_station_3
sess_36867,user_1032,provider_A,27:39.5,8.78,175.6,provider_A_station_2
sess_91240,user_1013,provider_C,52:39.5,2.08,45.76,provider_C_station_1
sess_18666,user_1002,provider_A,44:39.5,2.07,41.4,provider_A_station_4
sess_38340,user_1038,provider_B,10:39.5,17.08,315.98,provider_B_station_4
sess_61997,user_1012,provider_A,27:39.5,5.33,106.6,provider_A_station_3
sess_81722,user_1006,provider_A,00:39.5,11.55,231,provider_A_station_4
sess_37959,user_1020,provider_A,19:39.5,2.68,53.6,provider_A_station_1
sess_91014,user_1020,provider_C,37:39.5,2.31,50.82,provider_C_station_1
sess_55376,user_1017,provider_A,01:39.5,14.93,298.6,provider_A_station_1
sess_12968,user_1021,provider_A,46:39.5,13.94,278.8,provider_A_station_3
sess_80298,user_1019,provider_C,11:39.5,3,66,provider_C_station_2
sess_90535,user_1003,provider_B,25:39.5,3.96,73.26,provider_B_station_2
sess_51419,user_1035,provider_A,24:39.5,16.44,328.8,provider_A_station_4
sess_47139,user_1030,provider_C,12:39.5,33.55,738.1,provider_C_station_4
sess_72810,user_1020,provider_B,21:39.5,2.31,42.74,provider_B_station_5
sess_83871,user_1003,provider_C,56:39.5,3.51,77.22,provider_C_station_3
sess_24471,user_1010,provider_B,43:39.5,13.86,256.41,provider_B_station_5
sess_50506,user_1028,provider_B,18:39.5,37.58,695.23,provider_B_station_3
sess_13084,user_1047,provider_B,36:39.5,2.54,46.99,provider_B_station_3
sess_48143,user_1005,provider_B,51:39.5,2.79,51.62,provider_B_station_1
sess_23880,user_1039,provider_C,31:39.5,3.57,78.54,provider_C_station_5
sess_31286,user_1031,provider_A,33:39.5,18.22,364.4,provider_A_station_2
sess_73913,user_1033,provider_A,21:39.5,2.59,51.8,provider_A_station_3
sess_98426,user_1019,provider_B,56:39.5,2.06,38.11,provider_B_station_2
sess_56640,user_1039,provider_B,33:39.5,2.54,46.99,provider_B_station_2
sess_14740,user_1047,provider_A,00:39.5,2.14,42.8,provider_A_station_3
sess_90864,user_1008,provider_A,55:39.5,2.67,53.4,provider_A_station_4
sess_33843,user_1018,provider_C,54:39.5,8.53,187.66,provider_C_station_1
sess_81988,user_1032,provider_C,07:39.5,6.36,139.92,provider_C_station_5
sess_87700,user_1044,provider_C,49:39.5,26.04,572.88,provider_C_station_5
sess_47635,user_1015,provider_A,34:39.5,3.4,68,provider_A_station_5
sess_88508,user_1046,provider_C,35:39.5,12.22,268.84,provider_C_station_2
sess_58116,user_1042,provider_A,21:39.5,2.36,47.2,provider_A_station_3
sess_44144,user_1042,provider_B,28:39.5,6.36,117.66,provider_B_station_4
sess_38902,user_1031,provider_C,06:39.5,6.96,153.12,provider_C_station_3
sess_23429,user_1027,provider_C,11:39.5,2.39,52.58,provider_C_station_1
sess_43096,user_1021,provider_B,33:39.5,2.82,52.17,provider_B_station_2
sess_68533,user_1039,provider_A,42:39.5,2,40,provider_A_station_4
sess_29084,user_1048,provider_B,13:39.5,2.36,43.66,provider_B_station_4
sess_34687,user_1047,provider_C,40:39.5,2.37,52.14,provider_C_station_4
sess_72981,user_1023,provider_C,38:39.5,20.94,460.68,provider_C_station_4
sess_92650,user_1033,provider_C,59:39.5,2.21,48.62,provider_C_station_2
sess_26387,user_1020,provider_B,28:39.5,2.93,54.21,provider_B_station_2
sess_20369,user_1013,provider_C,12:39.5,2.1,46.2,provider_C_station_2
sess_37289,user_1016,provider_C,29:39.5,2.23,49.06,provider_C_station_1
sess_74418,user_1033,provider_B,37:39.5,2.69,49.76,provider_B_station_2
sess_21017,user_1026,provider_A,32:39.5,2.22,44.4,provider_A_station_1
sess_28630,user_1043,provider_A,00:39.5,2.11,42.2,provider_A_station_3
sess_68596,user_1033,provider_C,07:39.5,2.91,64.02,provider_C_station_4
sess_30105,user_1001,provider_A,04:39.5,35.34,706.8,provider_A_station_5
sess_70305,user_1031,provider_A,51:39.5,16.74,334.8,provider_A_station_1
sess_45739,user_1038,provider_C,04:39.5,10.85,238.7,provider_C_station_3
sess_84865,user_1039,provider_C,01:39.5,3.48,76.56,provider_C_station_1
sess_40471,user_1050,provider_B,36:39.5,2.12,39.22,provider_B_station_2
sess_34645,user_1012,provider_A,39:39.5,18.25,365,provider_A_station_5
sess_92915,user_1031,provider_A,06:39.5,37.06,741.2,provider_A_station_2
sess_35467,user_1013,provider_C,45:39.5,2.48,54.56,provider_C_station_5
sess_95666,user_1030,provider_C,42:39.5,2.67,58.74,provider_C_station_2
sess_12791,user_1027,provider_A,57:39.5,2.45,49,provider_A_station_2
sess_88344,user_1009,provider_A,19:39.5,2.37,47.4,provider_A_station_5
sess_81194,user_1038,provider_B,51:39.5,4.56,84.36,provider_B_station_1
sess_53679,user_1015,provider_A,32:39.5,25.51,510.2,provider_A_station_1
sess_23301,user_1021,provider_C,48:39.5,6.67,146.74,provider_C_station_2
sess_39901,user_1001,provider_B,07:39.5,8.6,159.1,provider_B_station_4
sess_21958,user_1038,provider_A,10:39.5,22.76,455.2,provider_A_station_4
sess_81500,user_1041,provider_C,52:39.5,2.68,58.96,provider_C_station_4
sess_39460,user_1029,provider_B,19:39.5,8.13,150.4,provider_B_station_2
sess_39519,user_1048,provider_B,34:39.5,2.61,48.28,provider_B_station_5
sess_39649,user_1004,provider_B,50:39.5,2.69,49.76,provider_B_station_5
sess_67866,user_1003,provider_A,46:39.5,3.15,63,provider_A_station_5
sess_89523,user_1018,provider_C,04:39.5,20.63,453.86,provider_C_station_2
sess_10828,user_1001,provider_A,27:39.5,14.6,292,provider_A_station_5
sess_21309,user_1008,provider_C,35:39.5,3.97,87.34,provider_C_station_3
sess_70740,user_1026,provider_C,25:39.5,2.84,62.48,provider_C_station_4
sess_73156,user_1020,provider_A,27:39.5,2,40,provider_A_station_3
sess_14740,user_1050,provider_C,04:39.5,2.67,58.74,provider_C_station_3
sess_16800,user_1032,provider_A,09:39.5,22.16,443.2,provider_A_station_5
sess_48552,user_1007,provider_C,55:39.5,2.47,54.34,provider_C_station_1
sess_43438,user_1045,provider_A,00:39.5,2.81,56.2,provider_A_station_4
sess_20502,user_1020,provider_B,06:39.5,2.12,39.22,provider_B_station_4
sess_58257,user_1005,provider_B,48:39.5,2.14,39.59,provider_B_station_3
sess_28985,user_1004,provider_A,54:39.5,3.58,71.6,provider_A_station_4
sess_33834,user_1029,provider_B,32:39.5,5.94,109.89,provider_B_station_1
sess_87628,user_1030,provider_A,14:39.5,26.19,523.8,provider_A_station_4
sess_24130,user_1047,provider_A,10:39.5,2.11,42.2,provider_A_station_3
sess_22874,user_1009,provider_A,13:39.5,2.74,54.8,provider_A_station_5
sess_80976,user_1046,provider_A,26:39.5,13.47,269.4,provider_A_station_5
sess_32344,user_1001,provider_A,25:39.5,6.27,125.4,provider_A_station_3
sess_29253,user_1005,provider_B,45:39.5,2.06,38.11,provider_B_station_4
sess_37953,user_1017,provider_A,11:39.5,5.5,110,provider_A_station_4
sess_81463,user_1018,provider_C,35:39.5,10.48,230.56,provider_C_station_3
sess_72265,user_1012,provider_B,58:39.5,37.99,702.82,provider_B_station_4
sess_81109,user_1013,provider_B,15:39.5,3.75,69.38,provider_B_station_1
sess_95769,user_1018,provider_A,20:39.5,13.32,266.4,provider_A_station_1
sess_57553,user_1004,provider_C,18:39.5,3.61,79.42,provider_C_station_3
sess_13250,user_1020,provider_B,19:39.5,2.52,46.62,provider_B_station_3
sess_13256,user_1040,provider_B,13:39.5,5.55,102.68,provider_B_station_2
sess_59357,user_1014,provider_C,37:39.5,9,198,provider_C_station_1
sess_11127,user_1047,provider_B,57:39.5,2.56,47.36,provider_B_station_5
sess_89395,user_1020,provider_A,32:39.5,2.66,53.2,provider_A_station_4
sess_51863,user_1020,provider_C,49:39.5,2.57,56.54,provider_C_station_1
sess_82509,user_1035,provider_C,30:39.5,17.18,377.96,provider_C_station_5
sess_32202,user_1007,provider_B,16:39.5,3.08,56.98,provider_B_station_4
sess_19700,user_1004,provider_B,09:39.5,3.3,61.05,provider_B_station_1
sess_53733,user_1039,provider_B,24:39.5,3.52,65.12,provider_B_station_4
sess_23469,user_1031,provider_A,12:39.5,15.88,317.6,provider_A_station_5
sess_16848,user_1027,provider_B,15:39.5,2.74,50.69,provider_B_station_5
sess_24366,user_1009,provider_A,57:39.5,2.96,59.2,provider_A_station_2
sess_12933,user_1012,provider_B,25:39.5,34.92,646.02,provider_B_station_5
sess_78637,user_1005,provider_B,57:39.5,2.38,44.03,provider_B_station_4
sess_21287,user_1011,provider_C,08:39.5,7.18,157.96,provider_C_station_4
sess_65978,user_1045,provider_A,46:39.5,3.7,74,provider_A_station_2
sess_69938,user_1020,provider_B,37:39.5,2.9,53.65,provider_B_station_5
sess_30462,user_1047,provider_B,49:39.5,2.21,40.88,provider_B_station_5
sess_89282,user_1002,provider_B,40:39.5,2.6,48.1,provider_B_station_4
sess_88869,user_1022,provider_A,12:39.5,3.74,74.8,provider_A_station_2
sess_63147,user_1022,provider_A,43:39.5,2.25,45,provider_A_station_3
sess_56914,user_1042,provider_B,48:39.5,19.56,361.86,provider_B_station_1
sess_12195,user_1031,provider_A,35:39.5,34.42,688.4,provider_A_station_1
sess_61259,user_1016,provider_A,06:39.5,2.67,53.4,provider_A_station_2
sess_48932,user_1009,provider_C,50:39.5,2.33,51.26,provider_C_station_5
sess_88409,user_1047,provider_C,03:39.5,2.19,48.18,provider_C_station_5
sess_34972,user_1020,provider_A,00:39.5,2.35,47,provider_A_station_3
sess_40635,user_1026,provider_C,55:39.5,2.18,47.96,provider_C_station_2
sess_44826,user_1046,provider_B,18:39.5,6.82,126.17,provider_B_station_1
sess_48222,user_1009,provider_B,57:39.5,2.54,46.99,provider_B_station_1
sess_36541,user_1033,provider_C,04:39.5,2.14,47.08,provider_C_station_5
sess_78252,user_1010,provider_C,37:39.5,19.96,439.12,provider_C_station_2
sess_68222,user_1041,provider_C,06:39.5,2.5,55,provider_C_station_1
sess_23469,user_1016,provider_A,23:39.5,2.08,41.6,provider_A_station_3
sess_81061,user_1022,provider_C,54:39.5,3.09,67.98,provider_C_station_3
sess_36528,user_1021,provider_A,12:39.5,20.25,405,provider_A_station_4
sess_28243,user_1028,provider_A,29:39.5,15.43,308.6,provider_A_station_2
sess_80975,user_1010,provider_C,47:39.5,22.74,500.28,provider_C_station_3
sess_40103,user_1001,provider_B,25:39.5,20.98,388.13,provider_B_station_3
sess_92891,user_1015,provider_A,47:39.5,35.65,713,provider_A_station_1
sess_57989,user_1004,provider_C,40:39.5,2.06,45.32,provider_C_station_4
sess_10543,user_1040,provider_A,15:39.5,8.38,167.6,provider_A_station_3
sess_59379,user_1031,provider_A,41:39.5,14.56,291.2,provider_A_station_4
sess_45204,user_1006,provider_A,26:39.5,7.08,141.6,provider_A_station_2
sess_84476,user_1003,provider_C,15:39.5,2.08,45.76,provider_C_station_5
sess_28174,user_1032,provider_A,23:39.5,13.09,261.8,provider_A_station_3
sess_25375,user_1020,provider_C,27:39.5,2.72,59.84,provider_C_station_3
sess_87500,user_1032,provider_A,16:39.5,21.46,429.2,provider_A_station_2
sess_90794,user_1031,provider_C,52:39.5,29.6,651.2,provider_C_station_4
sess_82565,user_1023,provider_B,16:39.5,7.38,136.53,provider_B_station_3
sess_94984,user_1021,provider_A,10:39.5,9.56,191.2,provider_A_station_5
sess_89465,user_1008,provider_A,51:39.5,19.75,395,provider_A_station_5
sess_83956,user_1025,provider_A,02:39.5,2.61,52.2,provider_A_station_1
sess_19735,user_1022,provider_C,42:39.5,2.21,48.62,provider_C_station_1
sess_23939,user_1023,provider_B,31:39.5,22.61,418.28,provider_B_station_4
sess_76916,user_1021,provider_B,17:39.5,7.88,145.78,provider_B_station_4
sess_78187,user_1042,provider_C,32:39.5,35.59,782.98,provider_C_station_1
sess_77299,user_1019,provider_C,16:39.5,2.54,55.88,provider_C_station_4
sess_85638,user_1015,provider_A,18:39.5,32.68,653.6,provider_A_station_5
sess_70984,user_1032,provider_A,42:39.5,22.49,449.8,provider_A_station_4
sess_89797,user_1027,provider_B,20:39.5,2.13,39.4,provider_B_station_2
sess_12033,user_1020,provider_A,20:39.5,2.94,58.8,provider_A_station_4
sess_78196,user_1012,provider_A,20:39.5,24.54,490.8,provider_A_station_4
sess_51996,user_1042,provider_C,31:39.5,5.91,130.02,provider_C_station_3
sess_53874,user_1034,provider_B,53:39.5,2.2,40.7,provider_B_station_4
sess_16702,user_1039,provider_A,44:39.5,3.55,71,provider_A_station_1
sess_57916,user_1015,provider_C,17:39.5,13.82,304.04,provider_C_station_2
sess_87968,user_1017,provider_A,41:39.5,6.74,134.8,provider_A_station_1
sess_54411,user_1037,provider_B,42:39.5,2.5,46.25,provider_B_station_3
sess_48785,user_1021,provider_C,08:39.5,13.05,287.1,provider_C_station_1
sess_87827,user_1026,provider_A,40:39.5,2.1,42,provider_A_station_3
sess_95425,user_1004,provider_C,39:39.5,2.46,54.12,provider_C_station_2
sess_64993,user_1015,provider_B,57:39.5,26.49,490.06,provider_B_station_3
sess_46592,user_1050,provider_C,46:39.5,2.76,60.72,provider_C_station_5
sess_89621,user_1018,provider_A,44:39.5,7.31,146.2,provider_A_station_1
sess_98206,user_1004,provider_C,13:39.5,3.54,77.88,provider_C_station_5
sess_60450,user_1030,provider_A,59:39.5,22.1,442,provider_A_station_3
sess_92402,user_1019,provider_B,43:39.5,3.34,61.79,provider_B_station_3
sess_51224,user_1019,provider_B,13:39.5,2.93,54.21,provider_B_station_4
sess_81343,user_1020,provider_A,28:39.5,2.03,40.6,provider_A_station_2
sess_35258,user_1032,provider_B,29:39.5,15.56,287.86,provider_B_station_5
sess_23720,user_1032,provider_B,39:39.5,3.1,57.35,provider_B_station_4
sess_31942,user_1010,provider_A,32:39.5,18.23,364.6,provider_A_station_2
sess_35594,user_1014,provider_A,13:39.5,3.12,62.4,provider_A_station_2
sess_83606,user_1038,provider_B,44:39.5,40.12,742.22,provider_B_station_2
sess_49270,user_1035,provider_B,42:39.5,36.78,680.43,provider_B_station_1
sess_63831,user_1024,provider_C,00:39.5,40.15,883.3,provider_C_station_1
sess_81402,user_1026,provider_C,56:39.5,2.25,49.5,provider_C_station_5
sess_75224,user_1005,provider_A,01:39.5,2.95,59,provider_A_station_3
sess_32741,user_1007,provider_A,43:39.5,3.76,75.2,provider_A_station_4
sess_59540,user_1032,provider_C,37:39.5,5.52,121.44,provider_C_station_4
sess_12846,user_1011,provider_C,39:39.5,28.03,616.66,provider_C_station_1
sess_61712,user_1030,provider_A,08:39.5,33.58,671.6,provider_A_station_3
sess_82220,user_1050,provider_C,51:39.5,2.89,63.58,provider_C_station_1
sess_73264,user_1010,provider_C,04:39.5,3.56,78.32,provider_C_station_2
sess_75063,user_1015,provider_A,31:39.5,38.85,777,provider_A_station_3
sess_79681,user_1008,provider_A,35:39.5,2.59,51.8,provider_A_station_1
sess_79042,user_1048,provider_C,05:39.5,2.36,51.92,provider_C_station_5
sess_55935,user_1002,provider_C,35:39.5,2.73,60.06,provider_C_station_5
sess_53253,user_1040,provider_C,39:39.5,22.43,493.46,provider_C_station_3
sess_85054,user_1049,provider_A,20:39.5,2.32,46.4,provider_A_station_5
sess_12544,user_1001,provider_C,46:39.5,12.58,276.76,provider_C_station_3
sess_11552,user_1046,provider_A,57:39.5,23.27,465.4,provider_A_station_5
sess_75590,user_1024,provider_B,19:39.5,30.13,557.4,provider_B_station_5
sess_16012,user_1020,provider_C,35:39.5,2.22,48.84,provider_C_station_5
sess_41246,user_1006,provider_B,04:39.5,30.16,557.96,provider_B_station_1
sess_84314,user_1022,provider_B,19:39.5,2.1,38.85,provider_B_station_1
sess_49691,user_1019,provider_A,41:39.5,3.49,69.8,provider_A_station_4
sess_51506,user_1027,provider_C,03:39.5,2.25,49.5,provider_C_station_3
sess_65079,user_1013,provider_B,33:39.5,3.72,68.82,provider_B_station_2
sess_46549,user_1036,provider_A,54:39.5,10.99,219.8,provider_A_station_4
sess_76227,user_1004,provider_B,19:39.5,2.23,41.26,provider_B_station_2
sess_11180,user_1038,provider_B,22:39.5,26.23,485.26,provider_B_station_3
sess_41336,user_1008,provider_C,08:39.5,2.88,63.36,provider_C_station_1
sess_79038,user_1050,provider_B,27:39.5,2.22,41.07,provider_B_station_5
sess_11894,user_1016,provider_A,46:39.5,2.56,51.2,provider_A_station_1
sess_79946,user_1021,provider_B,50:39.5,2.74,50.69,provider_B_station_5
sess_87084,user_1017,provider_A,40:39.5,13.43,268.6,provider_A_station_2
sess_62853,user_1004,provider_C,57:39.5,2.95,64.9,provider_C_station_3
sess_34088,user_1008,provider_C,22:39.5,2.1,46.2,provider_C_station_3
sess_25663,user_1016,provider_B,44:39.5,3.78,69.93,provider_B_station_3
sess_37623,user_1029,provider_C,40:39.5,28.11,618.42,provider_C_station_2
sess_53678,user_1030,provider_A,37:39.5,8.54,170.8,provider_A_station_5
sess_37986,user_1011,provider_A,11:39.5,21.26,425.2,provider_A_station_5
sess_24743,user_1002,provider_C,57:39.5,2.5,55,provider_C_station_2
sess_87828,user_1043,provider_B,22:39.5,11.5,212.75,provider_B_station_4
sess_26998,user_1006,provider_B,14:39.5,13.94,257.89,provider_B_station_5
sess_60885,user_1005,provider_A,56:39.5,2.96,59.2,provider_A_station_2
sess_81612,user_1031,provider_A,57:39.5,2.12,42.4,provider_A_station_5
sess_21002,user_1035,provider_B,56:39.5,15.78,291.93,provider_B_station_2
sess_60727,user_1036,provider_C,42:39.5,15.31,336.82,provider_C_station_3
sess_62938,user_1017,provider_C,07:39.5,8.75,192.5,provider_C_station_1
sess_48438,user_1021,provider_C,29:39.5,3.1,68.2,provider_C_station_5
sess_60424,user_1003,provider_A,19:39.5,3.33,66.6,provider_A_station_2
sess_46016,user_1049,provider_C,53:39.5,2.38,52.36,provider_C_station_2
sess_80616,user_1049,provider_A,07:39.5,3.94,78.8,provider_A_station_1
sess_43150,user_1036,provider_C,31:39.5,31.3,688.6,provider_C_station_1
sess_88936,user_1020,provider_A,41:39.5,2.7,54,provider_A_station_3
sess_55247,user_1019,provider_C,20:39.5,3.63,79.86,provider_C_station_4
sess_74578,user_1011,provider_B,20:39.5,21.24,392.94,provider_B_station_3
sess_15194,user_1039,provider_B,07:39.5,3.34,61.79,provider_B_station_2
sess_32644,user_1031,provider_B,23:39.5,21.39,395.72,provider_B_station_3
sess_45214,user_1048,provider_C,08:39.5,2.02,44.44,provider_C_station_2
sess_14405,user_1038,provider_B,55:39.5,32.93,609.21,provider_B_station_4
sess_76427,user_1043,provider_A,47:39.5,21.31,426.2,provider_A_station_4
sess_59609,user_1005,provider_A,33:39.5,2.05,41,provider_A_station_4
sess_67339,user_1036,provider_B,00:39.5,4.77,88.24,provider_B_station_5
sess_70071,user_1039,provider_B,02:39.5,3.73,69,provider_B_station_2
sess_73416,user_1003,provider_A,22:39.5,2.98,59.6,provider_A_station_5
sess_71105,user_1036,provider_B,03:39.5,32.06,593.11,provider_B_station_4
sess_52309,user_1016,provider_A,08:39.5,2.87,57.4,provider_A_station_1
sess_10760,user_1047,provider_B,24:39.5,2.47,45.7,provider_B_station_2
sess_22768,user_1002,provider_C,15:39.5,2.38,52.36,provider_C_station_1
sess_56568,user_1042,provider_C,06:39.5,32.83,722.26,provider_C_station_4
sess_86805,user_1007,provider_C,12:39.5,3.71,81.62,provider_C_station_1
sess_84641,user_1012,provider_A,13:39.5,23.29,465.8,provider_A_station_4
sess_75209,user_1028,provider_C,32:39.5,25.23,555.06,provider_C_station_5
sess_34910,user_1023,provider_C,50:39.5,2.35,51.7,provider_C_station_3
sess_90836,user_1021,provider_A,17:39.5,22.03,440.6,provider_A_station_3
sess_16505,user_1046,provider_B,47:39.5,6.9,127.65,provider_B_station_2
sess_14757,user_1047,provider_A,12:39.5,2.03,40.6,provider_A_station_1
sess_34490,user_1008,provider_A,58:39.5,20.03,400.6,provider_A_station_1
sess_99465,user_1038,provider_B,17:39.5,3.05,56.42,provider_B_station_4
sess_89605,user_1023,provider_A,54:39.5,22.29,445.8,provider_A_station_2
sess_66933,user_1034,provider_C,19:39.5,2.14,47.08,provider_C_station_3
sess_63540,user_1035,provider_A,05:39.5,35.75,715,provider_A_station_1
sess_61172,user_1038,provider_C,12:39.5,9.99,219.78,provider_C_station_4
sess_48245,user_1016,provider_B,44:39.5,3.83,70.86,provider_B_station_3
sess_32671,user_1015,provider_A,30:39.5,31.88,637.6,provider_A_station_2
sess_16950,user_1047,provider_B,33:39.5,2.05,37.92,provider_B_station_1
sess_15629,user_1048,provider_C,10:39.5,2.53,55.66,provider_C_station_2
sess_39840,user_1008,provider_A,46:39.5,15.4,308,provider_A_station_3
sess_48157,user_1005,provider_B,18:39.5,2.63,48.66,provider_B_station_3
sess_66358,user_1016,provider_C,47:39.5,2.58,56.76,provider_C_station_3
sess_68344,user_1049,provider_A,38:39.5,3.68,73.6,provider_A_station_4
sess_65605,user_1028,provider_A,15:39.5,9.86,197.2,provider_A_station_2
sess_53396,user_1027,provider_B,22:39.5,2.13,39.4,provider_B_station_1
sess_28492,user_1020,provider_C,30:39.5,2.2,48.4,provider_C_station_3
sess_78188,user_1020,provider_A,47:39.5,2.54,50.8,provider_A_station_3
sess_40582,user_1029,provider_A,57:39.5,18.1,362,provider_A_station_4
sess_17479,user_1025,provider_A,00:39.5,3.46,69.2,provider_A_station_2
sess_78541,user_1019,provider_C,47:39.5,3.38,74.36,provider_C_station_5
sess_89266,user_1002,provider_B,29:39.5,2.16,39.96,provider_B_station_5
sess_65869,user_1029,provider_A,20:39.5,32.42,648.4,provider_A_station_5
sess_70135,user_1041,provider_B,30:39.5,2.64,48.84,provider_B_station_5
sess_84097,user_1040,provider_A,44:39.5,21.82,436.4,provider_A_station_2
sess_72730,user_1002,provider_B,24:39.5,2.47,45.7,provider_B_station_3
sess_98949,user_1029,provider_A,56:39.5,37.3,746,provider_A_station_1
sess_60696,user_1016,provider_B,17:39.5,3.18,58.83,provider_B_station_4
sess_12168,user_1005,provider_B,46:39.5,2.54,46.99,provider_B_station_2
sess_79799,user_1046,provider_B,14:39.5,17.11,316.53,provider_B_station_2
sess_34212,user_1047,provider_C,05:39.5,2.71,59.62,provider_C_station_1
sess_25227,user_1028,provider_B,57:39.5,18.19,336.52,provider_B_station_4
sess_15231,user_1039,provider_C,21:39.5,3.95,86.9,provider_C_station_1
sess_71570,user_1004,provider_A,45:39.5,3.04,60.8,provider_A_station_3
sess_96297,user_1027,provider_A,31:39.5,2.38,47.6,provider_A_station_4
sess_57911,user_1050,provider_B,36:39.5,2.64,48.84,provider_B_station_2
sess_25180,user_1001,provider_A,37:39.5,9.58,191.6,provider_A_station_1
sess_98962,user_1018,provider_A,38:39.5,20.06,401.2,provider_A_station_1
sess_85981,user_1028,provider_C,38:39.5,23.23,511.06,provider_C_station_4
sess_20093,user_1017,provider_A,14:39.5,11.88,237.6,provider_A_station_3
sess_24974,user_1027,provider_B,22:39.5,2.31,42.74,provider_B_station_1
sess_87153,user_1039,provider_A,00:39.5,3.96,79.2,provider_A_station_1
sess_61086,user_1033,provider_A,12:39.5,2.06,41.2,provider_A_station_5
sess_29620,user_1029,provider_B,58:39.5,4.24,78.44,provider_B_station_4
sess_69603,user_1015,provider_C,14:39.5,37.4,822.8,provider_C_station_3
sess_63458,user_1015,provider_C,46:39.5,36.77,808.94,provider_C_station_3
sess_40838,user_1040,provider_C,15:39.5,6.01,132.22,provider_C_station_4
sess_94707,user_1011,provider_B,07:39.5,20.89,386.46,provider_B_station_2
sess_50105,user_1012,provider_B,31:39.5,12.47,230.7,provider_B_station_2
sess_69191,user_1041,provider_C,08:39.5,2.48,54.56,provider_C_station_3
sess_14542,user_1018,provider_A,56:39.5,11.62,232.4,provider_A_station_3
sess_93680,user_1024,provider_B,46:39.5,21.78,402.93,provider_B_station_5
sess_82471,user_1025,provider_B,45:39.5,3.77,69.74,provider_B_station_1
sess_32793,user_1010,provider_B,31:39.5,13.74,254.19,provider_B_station_3
sess_84627,user_1008,provider_B,33:39.5,16.76,310.06,provider_B_station_4
sess_52194,user_1015,provider_C,25:39.5,37.97,835.34,provider_C_station_4
sess_24968,user_1038,provider_A,06:39.5,29.29,585.8,provider_A_station_2
sess_61648,user_1016,provider_A,15:39.5,2.08,41.6,provider_A_station_4
sess_65247,user_1030,provider_A,50:39.5,27.71,554.2,provider_A_station_3
sess_54534,user_1029,provider_C,25:39.5,23.88,525.36,provider_C_station_3
sess_91274,user_1017,provider_A,28:39.5,20.65,413,provider_A_station_5
sess_22853,user_1032,provider_C,16:39.5,3.18,69.96,provider_C_station_4
sess_56386,user_1018,provider_C,52:39.5,19.26,423.72,provider_C_station_1
sess_78410,user_1050,provider_C,37:39.5,2.89,63.58,provider_C_station_4
sess_41950,user_1031,provider_A,13:39.5,9.94,198.8,provider_A_station_5
sess_85383,user_1005,provider_B,20:39.5,2.39,44.22,provider_B_station_5
sess_55365,user_1012,provider_A,20:39.5,29.23,584.6,provider_A_station_5
sess_91446,user_1037,provider_A,05:39.5,2.22,44.4,provider_A_station_2
sess_22759,user_1002,provider_A,53:39.5,2.02,40.4,provider_A_station_5
sess_69400,user_1039,provider_B,59:39.5,3.58,66.23,provider_B_station_1
sess_57267,user_1036,provider_A,17:39.5,11.9,238,provider_A_station_2
sess_55074,user_1049,provider_A,34:39.5,3.64,72.8,provider_A_station_1
sess_18358,user_1010,provider_C,16:39.5,15.67,344.74,provider_C_station_2
sess_30090,user_1011,provider_A,34:39.5,21.63,432.6,provider_A_station_5
sess_26454,user_1029,provider_A,36:39.5,12.63,252.6,provider_A_station_5
sess_45067,user_1032,provider_A,12:39.5,20.19,403.8,provider_A_station_2
sess_83029,user_1032,provider_C,02:39.5,17.2,378.4,provider_C_station_5
sess_82835,user_1014,provider_C,01:39.5,7.51,165.22,provider_C_station_4
sess_13343,user_1007,provider_C,12:39.5,3.34,73.48,provider_C_station_1
sess_85615,user_1021,provider_B,34:39.5,23.55,435.68,provider_B_station_5
sess_97332,user_1005,provider_B,53:39.5,2.34,43.29,provider_B_station_4
sess_51242,user_1009,provider_B,18:39.5,2.05,37.92,provider_B_station_2
sess_11892,user_1022,provider_C,11:39.5,2.23,49.06,provider_C_station_2
sess_39412,user_1025,provider_C,53:39.5,2.22,48.84,provider_C_station_2
sess_78837,user_1015,provider_B,09:39.5,5.78,106.93,provider_B_station_5
sess_26623,user_1015,provider_B,00:39.5,16.05,296.92,provider_B_station_3
sess_90741,user_1024,provider_C,40:39.5,7,154,provider_C_station_2
sess_38026,user_1018,provider_B,44:39.5,20.04,370.74,provider_B_station_4
sess_42853,user_1020,provider_C,09:39.5,2.75,60.5,provider_C_station_3
sess_29317,user_1017,provider_C,01:39.5,15.5,341,provider_C_station_3
sess_94079,user_1016,provider_A,06:39.5,2.62,52.4,provider_A_station_2
sess_49536,user_1001,provider_B,18:39.5,24.98,462.13,provider_B_station_1
sess_27498,user_1042,provider_A,35:39.5,27.9,558,provider_A_station_4
sess_92992,user_1032,provider_A,04:39.5,17.66,353.2,provider_A_station_4
sess_54586,user_1038,provider_C,57:39.5,36.34,799.48,provider_C_station_5
sess_49910,user_1036,provider_B,16:39.5,13.36,247.16,provider_B_station_2
sess_32665,user_1014,provider_C,51:39.5,5.71,125.62,provider_C_station_1
sess_84528,user_1029,provider_B,31:39.5,17.04,315.24,provider_B_station_1
sess_68941,user_1017,provider_C,33:39.5,17.35,381.7,provider_C_station_4
sess_62421,user_1030,provider_C,32:39.5,10.66,234.52,provider_C_station_2
sess_94763,user_1023,provider_B,15:39.5,13.15,243.28,provider_B_station_2
sess_44515,user_1023,provider_A,33:39.5,37.11,742.2,provider_A_station_3
sess_37364,user_1021,provider_C,50:39.5,15.01,330.22,provider_C_station_2
sess_93124,user_1038,provider_C,19:39.5,24.07,529.54,provider_C_station_3
sess_89934,user_1042,provider_B,41:39.5,22.97,424.94,provider_B_station_1
sess_95584,user_1028,provider_B,51:39.5,29.35,542.98,provider_B_station_4
sess_53664,user_1037,provider_C,36:39.5,2.17,47.74,provider_C_station_2
sess_73693,user_1005,provider_A,32:39.5,2.3,46,provider_A_station_3
sess_40235,user_1044,provider_C,27:39.5,17.18,377.96,provider_C_station_5
sess_15775,user_1004,provider_A,24:39.5,2.24,44.8,provider_A_station_2
sess_10822,user_1022,provider_C,44:39.5,3.34,73.48,provider_C_station_5
sess_88881,user_1012,provider_B,03:39.5,25.03,463.06,provider_B_station_2
sess_48051,user_1013,provider_B,16:39.5,3.01,55.68,provider_B_station_4
sess_25402,user_1024,provider_A,44:39.5,14.54,290.8,provider_A_station_1
sess_38532,user_1015,provider_B,45:39.5,28.09,519.66,provider_B_station_4
sess_33260,user_1032,provider_A,23:39.5,13.21,264.2,provider_A_station_3
sess_32567,user_1001,provider_A,02:39.5,20.56,411.2,provider_A_station_3
sess_97820,user_1036,provider_B,35:39.5,35.31,653.24,provider_B_station_4
sess_28745,user_1009,provider_B,43:39.5,2.63,48.66,provider_B_station_1
sess_53397,user_1042,provider_A,47:39.5,30.74,614.8,provider_A_station_3
sess_21720,user_1014,provider_A,03:39.5,5.98,119.6,provider_A_station_5
sess_68198,user_1018,provider_B,50:39.5,6.94,128.39,provider_B_station_2
sess_64667,user_1013,provider_C,41:39.5,3.17,69.74,provider_C_station_2
sess_22695,user_1001,provider_C,06:39.5,30.6,673.2,provider_C_station_1
sess_82711,user_1018,provider_C,51:39.5,9.26,203.72,provider_C_station_1
sess_89543,user_1030,provider_A,17:39.5,23.74,474.8,provider_A_station_2
sess_35395,user_1047,provider_A,05:39.5,2.92,58.4,provider_A_station_3
sess_79741,user_1036,provider_B,59:39.5,25.45,470.82,provider_B_station_5
sess_82083,user_1007,provider_C,13:39.5,3.73,82.06,provider_C_station_3
sess_86127,user_1006,provider_A,41:39.5,36.28,725.6,provider_A_station_5
sess_45163,user_1027,provider_C,47:39.5,2.07,45.54,provider_C_station_1
sess_53114,user_1049,provider_C,04:39.5,2.05,45.1,provider_C_station_1
sess_95642,user_1041,provider_A,18:39.5,2.05,41,provider_A_station_4
sess_70459,user_1022,provider_C,11:39.5,2.53,55.66,provider_C_station_3
sess_93201,user_1042,provider_C,24:39.5,18.64,410.08,provider_C_station_5
sess_40614,user_1009,provider_C,11:39.5,2.9,63.8,provider_C_station_3
sess_72607,user_1013,provider_A,42:39.5,2.86,57.2,provider_A_station_2
sess_75046,user_1012,provider_B,16:39.5,10.59,195.92,provider_B_station_4
sess_95169,user_1005,provider_B,59:39.5,2.24,41.44,provider_B_station_5
sess_26868,user_1027,provider_B,25:39.5,2.42,44.77,provider_B_station_1
sess_81966,user_1021,provider_A,00:39.5,9.34,186.8,provider_A_station_2
sess_10251,user_1047,provider_C,10:39.5,2.71,59.62,provider_C_station_1
sess_66162,user_1044,provider_B,36:39.5,12.7,234.95,provider_B_station_2
sess_61477,user_1024,provider_B,53:39.5,3.24,59.94,provider_B_station_3
sess_57015,user_1024,provider_C,20:39.5,13.86,304.92,provider_C_station_4
sess_12548,user_1049,provider_C,00:39.5,2.43,53.46,provider_C_station_3
sess_87922,user_1006,provider_C,01:39.5,14.97,329.34,provider_C_station_2
sess_25483,user_1038,provider_B,07:39.5,12.84,237.54,provider_B_station_3
sess_82908,user_1014,provider_B,31:39.5,6.39,118.21,provider_B_station_2
sess_35463,user_1015,provider_A,47:39.5,18.25,365,provider_A_station_4
sess_33736,user_1011,provider_B,23:39.5,25.03,463.06,provider_B_station_4
sess_48642,user_1011,provider_A,07:39.5,29.34,586.8,provider_A_station_4
sess_18990,user_1012,provider_B,55:39.5,9.77,180.74,provider_B_station_1
sess_59386,user_1010,provider_B,09:39.5,7.37,136.34,provider_B_station_1
sess_65500,user_1002,provider_B,18:39.5,2.53,46.8,provider_B_station_3
sess_21261,user_1049,provider_C,17:39.5,2.32,51.04,provider_C_station_1
sess_63314,user_1035,provider_C,12:39.5,17.04,374.88,provider_C_station_1
sess_98392,user_1031,provider_B,03:39.5,4.02,74.37,provider_B_station_3
sess_95694,user_1001,provider_C,26:39.5,10.52,231.44,provider_C_station_2
sess_93644,user_1040,provider_C,05:39.5,8.03,176.66,provider_C_station_4
sess_42949,user_1008,provider_B,50:39.5,14.1,260.85,provider_B_station_4
sess_52007,user_1044,provider_A,05:39.5,29.47,589.4,provider_A_station_3
sess_89383,user_1026,provider_A,58:39.5,2.54,50.8,provider_A_station_1
sess_24840,user_1048,provider_C,35:39.5,2.88,63.36,provider_C_station_2
sess_29246,user_1042,provider_A,52:39.5,36.71,734.2,provider_A_station_5
sess_25630,user_1041,provider_C,38:39.5,2.9,63.8,provider_C_station_2
